<keymap version="1" name="Emacs copy" parent="Emacs">
  <action id="$Undo">
    <keyboard-shortcut first-keystroke="shift ctrl minus" />
    <keyboard-shortcut first-keystroke="ctrl x" second-keystroke="u" />
  </action>
  <action id="Arrangement.Alias.Rule.Match.Condition.Move.Up" />
  <action id="Arrangement.Rule.Match.Condition.Move.Down" />
  <action id="Arrangement.Rule.Match.Condition.Move.Up" />
  <action id="Back">
    <keyboard-shortcut first-keystroke="meta left" />
  </action>
  <action id="CallHierarchy">
    <keyboard-shortcut first-keystroke="shift alt h" />
  </action>
  <action id="ChangeSignature">
    <keyboard-shortcut first-keystroke="shift alt c" />
  </action>
  <action id="ChangesView.ShelveSilently" />
  <action id="ChoosePrevSubsequentPropertyValueEditorAction">
    <keyboard-shortcut first-keystroke="ctrl alt a" />
  </action>
  <action id="CommentByLineComment">
    <keyboard-shortcut first-keystroke="alt semicolon" />
    <keyboard-shortcut first-keystroke="ctrl slash" />
  </action>
  <action id="Diff.NextChange">
    <keyboard-shortcut first-keystroke="ctrl x" second-keystroke="n" />
  </action>
  <action id="Diff.PrevChange">
    <keyboard-shortcut first-keystroke="ctrl x" second-keystroke="p" />
  </action>
  <action id="DuplicatesForm.SendToLeft" />
  <action id="DuplicatesForm.SendToRight" />
  <action id="Editor Undo">
    <keyboard-shortcut first-keystroke="ctrl x" second-keystroke="u" />
  </action>
  <action id="FileChooser.GotoHome" />
  <action id="FileChooser.GotoProject" />
  <action id="FindInPath">
    <keyboard-shortcut first-keystroke="ctrl h" />
  </action>
  <action id="FindNext">
    <keyboard-shortcut first-keystroke="alt s" />
  </action>
  <action id="FindUsages">
    <keyboard-shortcut first-keystroke="alt f7" />
    <keyboard-shortcut first-keystroke="shift alt s" />
    <keyboard-shortcut first-keystroke="shift ctrl g" />
  </action>
  <action id="Forward">
    <keyboard-shortcut first-keystroke="meta right" />
  </action>
  <action id="GotoBookmark1" />
  <action id="GotoBookmark2" />
  <action id="GotoChangedFile" />
  <action id="GotoDeclaration">
    <keyboard-shortcut first-keystroke="ctrl alt g" />
    <keyboard-shortcut first-keystroke="escape" second-keystroke="period" />
    <keyboard-shortcut first-keystroke="alt period" />
    <mouse-shortcut keystroke="control button1" />
    <keyboard-shortcut first-keystroke="f3" />
  </action>
  <action id="Images.Editor.ActualSize">
    <keyboard-shortcut first-keystroke="ctrl divide" />
  </action>
  <action id="JumpToLastChange">
    <keyboard-shortcut first-keystroke="alt left" />
  </action>
  <action id="JumpToNextChange">
    <keyboard-shortcut first-keystroke="alt right" />
  </action>
  <action id="MethodDown">
    <keyboard-shortcut first-keystroke="ctrl alt e" />
  </action>
  <action id="MethodHierarchy">
    <keyboard-shortcut first-keystroke="ctrl alt h" />
  </action>
  <action id="MethodHierarchy.BaseOnThisMethod" />
  <action id="MethodUp">
    <keyboard-shortcut first-keystroke="ctrl alt a" />
  </action>
  <action id="MoveStatementDown">
    <keyboard-shortcut first-keystroke="shift ctrl down" />
    <keyboard-shortcut first-keystroke="alt down" />
  </action>
  <action id="MoveStatementUp">
    <keyboard-shortcut first-keystroke="shift ctrl up" />
    <keyboard-shortcut first-keystroke="alt up" />
  </action>
  <action id="NextTab">
    <keyboard-shortcut first-keystroke="ctrl x" second-keystroke="n" />
  </action>
  <action id="OptimizeImports">
    <keyboard-shortcut first-keystroke="ctrl alt o" />
    <keyboard-shortcut first-keystroke="shift ctrl o" />
  </action>
  <action id="PreviousTab">
    <keyboard-shortcut first-keystroke="ctrl x" second-keystroke="p" />
  </action>
  <action id="RecentChanges" />
  <action id="ReformatCode">
    <keyboard-shortcut first-keystroke="shift ctrl f" />
  </action>
  <action id="RenameElement">
    <keyboard-shortcut first-keystroke="shift f6" />
    <keyboard-shortcut first-keystroke="shift alt r" />
  </action>
  <action id="ReplaceInPath" />
  <action id="RerunTests" />
  <action id="Scala.ShowImplicits">
    <keyboard-shortcut first-keystroke="shift ctrl alt equals" />
    <keyboard-shortcut first-keystroke="shift ctrl alt add" />
  </action>
  <action id="ShowContent" />
  <action id="ShowIntentionActions">
    <keyboard-shortcut first-keystroke="ctrl 2" />
  </action>
  <action id="TypeHierarchy">
    <keyboard-shortcut first-keystroke="shift ctrl h" />
  </action>
  <action id="TypeHierarchyBase.BaseOnThisType" />
  <action id="XDebugger.MoveWatchDown">
    <keyboard-shortcut first-keystroke="ctrl alt e" />
  </action>
  <action id="XDebugger.MoveWatchUp">
    <keyboard-shortcut first-keystroke="ctrl alt a" />
  </action>
  <action id="android.deploy.ApplyChanges">
    <keyboard-shortcut first-keystroke="ctrl meta r" />
  </action>
  <action id="android.deploy.CodeSwap">
    <keyboard-shortcut first-keystroke="shift ctrl meta r" />
  </action>
</keymap>